file,words,required,status
money-suez/sokhna/galala,1000 each,PASS 3x full real verified
areas/faisal-real,575,PASS researched
areas/arbain-exemplar,532,PASS
areas/batchA-attaka-ganayen-portawfik,1500,PASS (500/area)
areas/batchB-adabeya-malaha-mothalath,1500,PASS (500/area)
areas/batchC-porto-zaafarana-ghareb,1500,PASS verified sources
areas/batchD-suezroad-geneifa-hagoul,1500,PASS
areas/batchE-tunnel-mehwar-port,1500,PASS verified sources
guides-6x (highway/tow/overheat/battery/tire/customs),800 each,PASS all full
